Country;Code;ContinentCode;Year;Month;GDP billion currency units;Money supply billion currency units;Unemployment rate percent;Stock market index
USA;USA;NA;1970;1;;592;3.9;5
USA;USA;NA;1970;2;;583.4;4.2;4.83
USA;USA;NA;1970;3;263.38;587.3;4.4;4.9
USA;USA;NA;1970;4;;592.9;4.6;4.71
USA;USA;NA;1970;5;;590.8;4.8;4.12
USA;USA;NA;1970;6;267.53;597.5;4.9;4.09
USA;USA;NA;1970;7;;601.2;5;4.07
USA;USA;NA;1970;8;;603;5.1;4.19
USA;USA;NA;1970;9;272.13;608.7;5.4;4.47
USA;USA;NA;1970;10;;614;5.5;4.56
USA;USA;NA;1970;11;;618.2;5.9;4.54
USA;USA;NA;1970;12;272.88;627.8;6.1;4.85
USA;USA;NA;1971;1;;635.5;5.9;5.08
USA;USA;NA;1971;2;;638;5.9;5.29
USA;USA;NA;1971;3;284.45;650;6;5.44
USA;USA;NA;1971;4;;663.5;5.9;5.63
USA;USA;NA;1971;5;;666.1;5.9;5.55
USA;USA;NA;1971;6;289.85;675.9;5.9;5.45
USA;USA;NA;1971;7;;682.3;6;5.43
USA;USA;NA;1971;8;;683.7;6.1;5.32
USA;USA;NA;1971;9;295.08;689.7;6;5.44
USA;USA;NA;1971;10;;695.6;5.8;5.32
USA;USA;NA;1971;11;;701.2;6;5.07
USA;USA;NA;1971;12;298.4;711.2;6;5.42
USA;USA;NA;1972;1;;720;5.8;5.66
USA;USA;NA;1972;2;;722.2;5.7;5.79
USA;USA;NA;1972;3;308.45;733.7;5.8;5.94
USA;USA;NA;1972;4;;743.8;5.7;6.01
USA;USA;NA;1972;5;;742.6;5.7;5.92
USA;USA;NA;1972;6;317.53;753.2;5.7;5.93
USA;USA;NA;1972;7;;763;5.6;5.86
USA;USA;NA;1972;8;;767;5.6;6.05
USA;USA;NA;1972;9;323.45;775.2;5.5;5.95
USA;USA;NA;1972;10;;783.6;5.6;5.94
USA;USA;NA;1972;11;;790.2;5.3;6.24
USA;USA;NA;1972;12;333;803.1;5.2;6.36
USA;USA;NA;1973;1;;812.3;4.9;6.38
USA;USA;NA;1973;2;;810.1;5;6.09
USA;USA;NA;1973;3;345.18;815.6;4.9;5.96
USA;USA;NA;1973;4;;825.4;5;5.81
USA;USA;NA;1973;5;;825.8;4.9;5.62
USA;USA;NA;1973;6;354.4;837.2;4.9;5.46
USA;USA;NA;1973;7;;840.7;4.8;5.56
USA;USA;NA;1973;8;;837.4;4.8;5.48
USA;USA;NA;1973;9;359.2;836;4.8;5.62
USA;USA;NA;1973;10;;839.3;4.6;5.87
USA;USA;NA;1973;11;;845.3;4.8;5.41
USA;USA;NA;1973;12;369.78;856.5;4.9;4.99
USA;USA;NA;1974;1;;861.5;5.1;5.09
USA;USA;NA;1974;2;;859.8;5.2;4.95
USA;USA;NA;1974;3;373.68;869.9;5.1;5.16
USA;USA;NA;1974;4;;878.6;5.1;4.87
USA;USA;NA;1974;5;;873.4;5.1;4.69
USA;USA;NA;1974;6;383.55;881.9;5.4;4.67
USA;USA;NA;1974;7;;886;5.5;4.28
USA;USA;NA;1974;8;;882.9;5.5;3.95
USA;USA;NA;1974;9;390.85;884.7;5.9;3.53
USA;USA;NA;1974;10;;890.4;6;3.63
USA;USA;NA;1974;11;;895.4;6.6;3.76
USA;USA;NA;1974;12;400.75;903.5;7.2;3.51
USA;USA;NA;1975;1;;908;8.1;3.82
USA;USA;NA;1975;2;;908.7;8.1;4.21
USA;USA;NA;1975;3;404.9;924.4;8.6;4.39
USA;USA;NA;1975;4;;941.1;8.8;4.45
USA;USA;NA;1975;5;;946.2;9;4.73
USA;USA;NA;1975;6;414.1;966.9;8.8;4.87
USA;USA;NA;1975;7;;979.7;8.6;4.91
USA;USA;NA;1975;8;;982.4;8.4;4.53
USA;USA;NA;1975;9;428.45;988.4;8.4;4.45
USA;USA;NA;1975;10;;995.6;8.4;4.64
USA;USA;NA;1975;11;;1004.8;8.3;4.72
USA;USA;NA;1975;12;441.48;1017.8;8.2;4.63
USA;USA;NA;1976;1;;1028.3;7.9;5.08
USA;USA;NA;1976;2;;1034.2;7.7;5.32
USA;USA;NA;1976;3;456.13;1047.7;7.6;5.35
USA;USA;NA;1976;4;;1066.9;7.7;5.38
USA;USA;NA;1976;5;;1070.3;7.4;5.33
USA;USA;NA;1976;6;464.23;1080.8;7.6;5.37
USA;USA;NA;1976;7;;1091.6;7.8;5.51
USA;USA;NA;1976;8;;1097.3;7.8;5.46
USA;USA;NA;1976;9;472.63;1108.4;7.6;5.57
USA;USA;NA;1976;10;;1125.1;7.7;5.39
USA;USA;NA;1976;11;;1135;7.8;5.36
USA;USA;NA;1976;12;484.6;1153.5;7.8;5.58
USA;USA;NA;1977;1;;1167.5;7.5;5.57
USA;USA;NA;1977;2;;1169.9;7.6;5.44
USA;USA;NA;1977;3;498.13;1185.3;7.4;5.41
USA;USA;NA;1977;4;;1206.6;7.2;5.34
USA;USA;NA;1977;5;;1205.5;7;5.34
USA;USA;NA;1977;6;515.05;1219.8;7.2;5.38
USA;USA;NA;1977;7;;1232.9;6.9;5.44
USA;USA;NA;1977;8;;1235.3;7;5.3
USA;USA;NA;1977;9;530.6;1244.7;6.8;5.21
USA;USA;NA;1977;10;;1255.9;6.8;5.09
USA;USA;NA;1977;11;;1260.2;6.8;5.14
USA;USA;NA;1977;12;542.18;1273;6.4;5.13
USA;USA;NA;1978;1;;1282.3;6.4;4.94
USA;USA;NA;1978;2;;1276.8;6.3;4.89
USA;USA;NA;1978;3;552.18;1288.2;6.3;4.9
USA;USA;NA;1978;4;;1307.4;6.1;5.13
USA;USA;NA;1978;5;;1304.8;6;5.4
USA;USA;NA;1978;6;584.15;1319;5.9;5.43
USA;USA;NA;1978;7;;1330.1;6.2;5.41
USA;USA;NA;1978;8;;1331.4;5.9;5.8
USA;USA;NA;1978;9;599.73;1344.7;6;5.8
USA;USA;NA;1978;10;;1355.3;5.8;5.59
USA;USA;NA;1978;11;;1358.1;5.9;5.22
USA;USA;NA;1978;12;620.55;1370.8;6;5.32
USA;USA;NA;1979;1;;1375.2;5.9;5.52
USA;USA;NA;1979;2;;1369.3;5.9;5.45
USA;USA;NA;1979;3;632.9;1384;5.8;5.56
USA;USA;NA;1979;4;;1408.4;5.8;5.69
USA;USA;NA;1979;5;;1402.7;5.6;5.57
USA;USA;NA;1979;6;648.98;1422.5;5.7;5.71
USA;USA;NA;1979;7;;1439.3;5.7;5.78
USA;USA;NA;1979;8;;1444.3;6;6.06
USA;USA;NA;1979;9;667.6;1454.5;5.9;6.13
USA;USA;NA;1979;10;;1463.6;6;5.87
USA;USA;NA;1979;11;;1466.4;5.9;5.85
USA;USA;NA;1979;12;682.68;1479;6;6.11
USA;USA;NA;1980;1;;1486.2;6.3;6.33
USA;USA;NA;1980;2;;1486.3;6.3;6.54
USA;USA;NA;1980;3;699.13;1497.2;6.3;5.89
USA;USA;NA;1980;4;;1507.7;6.9;5.79
USA;USA;NA;1980;5;;1504.2;7.5;6.08
USA;USA;NA;1980;6;699.98;1527.4;7.6;6.48
USA;USA;NA;1980;7;;1549.1;7.8;6.79
USA;USA;NA;1980;8;;1560.7;7.7;7.02
USA;USA;NA;1980;9;715;1573.1;7.5;7.24
USA;USA;NA;1980;10;;1588.5;7.5;7.44
USA;USA;NA;1980;11;;1599;7.5;7.74
USA;USA;NA;1980;12;748.38;1604.8;7.2;7.59
USA;USA;NA;1981;1;;1610.6;7.5;7.55
USA;USA;NA;1981;2;;1610.5;7.4;7.28
USA;USA;NA;1981;3;782.95;1633.2;7.4;7.57
USA;USA;NA;1981;4;;1664.5;7.2;7.69
USA;USA;NA;1981;5;;1655.4;7.5;7.55
USA;USA;NA;1981;6;791.83;1667.1;7.5;7.61
USA;USA;NA;1981;7;;1685.1;7.2;7.43
USA;USA;NA;1981;8;;1694.6;7.4;7.45
USA;USA;NA;1981;9;815.3;1706.4;7.6;6.77
USA;USA;NA;1981;10;;1726.4;7.9;6.87
USA;USA;NA;1981;11;;1741;8.3;7.08
USA;USA;NA;1981;12;820.88;1760.3;8.5;7.11
USA;USA;NA;1982;1;;1772.8;8.6;6.73
USA;USA;NA;1982;2;;1765.3;8.9;6.55
USA;USA;NA;1982;3;818.45;1781.7;9;6.32
USA;USA;NA;1982;4;;1807.9;9.3;6.63
USA;USA;NA;1982;5;;1804.9;9.4;6.64
USA;USA;NA;1982;6;832.83;1822.7;9.6;6.25
USA;USA;NA;1982;7;;1835;9.8;6.22
USA;USA;NA;1982;8;;1845.9;9.8;6.23
USA;USA;NA;1982;9;841.78;1859;10.1;6.95
USA;USA;NA;1982;10;;1875.6;10.4;7.54
USA;USA;NA;1982;11;;1890.1;10.8;7.9
USA;USA;NA;1982;12;851.95;1913.8;10.8;7.95
USA;USA;NA;1983;1;;1963.9;10.4;8.24
USA;USA;NA;1983;2;;1985.8;10.4;8.39
USA;USA;NA;1983;3;870.08;2009.6;10.3;8.67
USA;USA;NA;1983;4;;2033.7;10.2;8.97
USA;USA;NA;1983;5;;2031.7;10.1;9.37
USA;USA;NA;1983;6;895.95;2051.8;10.1;9.55
USA;USA;NA;1983;7;;2069.7;9.4;9.58
USA;USA;NA;1983;8;;2072.5;9.5;9.31
USA;USA;NA;1983;9;923.08;2081.1;9.2;9.58
USA;USA;NA;1983;10;;2102.1;8.8;9.58
USA;USA;NA;1983;11;;2117.6;8.5;9.45
USA;USA;NA;1983;12;949.03;2134;8.3;9.4
USA;USA;NA;1984;1;;2145;8;9.53
USA;USA;NA;1984;2;;2147.7;7.8;8.97
USA;USA;NA;1984;3;978.2;2169;7.8;8.98
USA;USA;NA;1984;4;;2196;7.7;8.98
USA;USA;NA;1984;5;;2191.4;7.4;8.92
USA;USA;NA;1984;6;1003.75;2214.3;7.2;8.74
USA;USA;NA;1984;7;;2228;7.5;8.63
USA;USA;NA;1984;8;;2228.9;7.5;9.32
USA;USA;NA;1984;9;1021.85;2242.8;7.3;9.48
USA;USA;NA;1984;10;;2259.7;7.4;9.42
USA;USA;NA;1984;11;;2286.3;7.2;9.5
USA;USA;NA;1984;12;1036.9;2318.5;7.3;9.38
USA;USA;NA;1985;1;;2339.6;7.3;9.82
USA;USA;NA;1985;2;;2343.4;7.2;10.37
USA;USA;NA;1985;3;1059.25;2360.4;7.2;10.29
USA;USA;NA;1985;4;;2379.7;7.3;10.36
USA;USA;NA;1985;5;;2376.4;7.2;10.6
USA;USA;NA;1985;6;1075.58;2413.4;7.4;10.85
USA;USA;NA;1985;7;;2434.8;7.4;11.06
USA;USA;NA;1985;8;;2442.5;7.1;10.8
USA;USA;NA;1985;9;1098.65;2452.7;7.1;10.56
USA;USA;NA;1985;10;;2466.3;7.1;10.65
USA;USA;NA;1985;11;;2482;7;11.28
USA;USA;NA;1985;12;1113.28;2504.1;7;11.82
USA;USA;NA;1986;1;;2510.8;6.7;11.9
USA;USA;NA;1986;2;;2502.1;7.2;12.52
USA;USA;NA;1986;3;1129.08;2527.6;7.2;13.27
USA;USA;NA;1986;4;;2564.8;7.1;13.59
USA;USA;NA;1986;5;;2571.1;7.2;13.6
USA;USA;NA;1986;6;1138.8;2605.3;7.2;13.94
USA;USA;NA;1986;7;;2632.4;7;13.7
USA;USA;NA;1986;8;;2645.9;6.9;13.95
USA;USA;NA;1986;9;1154.9;2661.7;7;13.57
USA;USA;NA;1986;10;;2684.4;7;13.54
USA;USA;NA;1986;11;;2705.2;6.9;13.95
USA;USA;NA;1986;12;1167.35;2740.7;6.6;14.07
USA;USA;NA;1987;1;;2753.5;6.6;14.97
USA;USA;NA;1987;2;;2735.2;6.6;15.87
USA;USA;NA;1987;3;1184.05;2748;6.6;16.48
USA;USA;NA;1987;4;;2778.9;6.3;16.23
USA;USA;NA;1987;5;;2759.7;6.3;16.14
USA;USA;NA;1987;6;1205.38;2773.4;6.2;16.79
USA;USA;NA;1987;7;;2785.2;6.1;17.26
USA;USA;NA;1987;8;;2787.5;6;18.24
USA;USA;NA;1987;9;1225.13;2793.3;5.9;17.67
USA;USA;NA;1987;10;;2811.2;6;15.56
USA;USA;NA;1987;11;;2821.6;5.8;13.59
USA;USA;NA;1987;12;1255.68;2838.3;5.7;13.36
USA;USA;NA;1988;1;;2857.2;5.7;13.92
USA;USA;NA;1988;2;;2858.8;5.7;14.37
USA;USA;NA;1988;3;1272.65;2886.7;5.7;14.84
USA;USA;NA;1988;4;;2925.3;5.4;14.7
USA;USA;NA;1988;5;;2910.7;5.6;14.36
USA;USA;NA;1988;6;1301.93;2935.3;5.4;15.12
USA;USA;NA;1988;7;;2953.2;5.4;15.06
USA;USA;NA;1988;8;;2949.8;5.6;14.78
USA;USA;NA;1988;9;1324.88;2950.1;5.4;15
USA;USA;NA;1988;10;;2962;5.4;15.48
USA;USA;NA;1988;11;;2982.7;5.3;15.12
USA;USA;NA;1988;12;1353.18;3000.6;5.3;15.38
USA;USA;NA;1989;1;;2998.9;5.4;15.88
USA;USA;NA;1989;2;;2982.6;5.2;16.35
USA;USA;NA;1989;3;1381.85;2999;5;16.3
USA;USA;NA;1989;4;;3023.2;5.2;16.77
USA;USA;NA;1989;5;;2996;5.2;17.36
USA;USA;NA;1989;6;1407.1;3022.6;5.3;17.9
USA;USA;NA;1989;7;;3055.6;5.2;18.33
USA;USA;NA;1989;8;;3071.1;5.2;19.11
USA;USA;NA;1989;9;1427.9;3086.3;5.3;19.11
USA;USA;NA;1989;10;;3109.3;5.3;19.06
USA;USA;NA;1989;11;;3136;5.4;18.66
USA;USA;NA;1989;12;1440.85;3165.6;5.4;19.08
USA;USA;NA;1990;1;;3170.4;5.4;18.57
USA;USA;NA;1990;2;;3170.5;5.3;18.08
USA;USA;NA;1990;3;1472.7;3192.6;5.2;18.45
USA;USA;NA;1990;4;;3219.8;5.4;18.38
USA;USA;NA;1990;5;;3186.7;5.4;18.95
USA;USA;NA;1990;6;1493.68;3210.8;5.2;19.48
USA;USA;NA;1990;7;;3224.5;5.5;19.47
USA;USA;NA;1990;8;;3238.7;5.7;17.97
USA;USA;NA;1990;9;1507.38;3249;5.9;17.15
USA;USA;NA;1990;10;;3253.7;5.9;16.64
USA;USA;NA;1990;11;;3265.3;6.2;17.05
USA;USA;NA;1990;12;1505.83;3285.1;6.3;17.78
USA;USA;NA;1991;1;;3289.3;6.4;17.62
USA;USA;NA;1991;2;;3296.3;6.6;19.58
USA;USA;NA;1991;3;1513.73;3327.3;6.8;20.16
USA;USA;NA;1991;4;;3349.5;6.7;20.57
USA;USA;NA;1991;5;;3330.3;6.9;20.49
USA;USA;NA;1991;6;1535.9;3349.7;6.9;20.53
USA;USA;NA;1991;7;;3354.4;6.8;20.63
USA;USA;NA;1991;8;;3351.4;6.9;21.13
USA;USA;NA;1991;9;1554.6;3347.6;6.9;21.05
USA;USA;NA;1991;10;;3353.8;7;21.1
USA;USA;NA;1991;11;;3371.2;7;21.12
USA;USA;NA;1991;12;1569.83;3386.4;7.3;21.22
USA;USA;NA;1992;1;;3383.2;7.3;22.71
USA;USA;NA;1992;2;;3390.1;7.4;22.59
USA;USA;NA;1992;3;1595.2;3404.8;7.4;22.3
USA;USA;NA;1992;4;;3418.9;7.4;22.24
USA;USA;NA;1992;5;;3388;7.6;22.64
USA;USA;NA;1992;6;1623.08;3388.7;7.8;22.25
USA;USA;NA;1992;7;;3393.2;7.7;22.6
USA;USA;NA;1992;8;;3396.5;7.6;22.78
USA;USA;NA;1992;9;1646.63;3401.2;7.6;22.79
USA;USA;NA;1992;10;;3418.7;7.3;22.48
USA;USA;NA;1992;11;;3433.4;7.4;23.06
USA;USA;NA;1992;12;1674.4;3441.3;7.4;23.72
USA;USA;NA;1993;1;;3423.6;7.3;23.73
USA;USA;NA;1993;2;;3400.7;7.1;24.11
USA;USA;NA;1993;3;1687.05;3410.5;7;24.57
USA;USA;NA;1993;4;;3430.4;7.1;24.23
USA;USA;NA;1993;5;;3425;7.1;24.36
USA;USA;NA;1993;6;1707.4;3439.5;7;24.48
USA;USA;NA;1993;7;;3442.6;6.9;24.54
USA;USA;NA;1993;8;;3440.9;6.8;24.95
USA;USA;NA;1993;9;1726.05;3443.5;6.7;25.24
USA;USA;NA;1993;10;;3452.7;6.8;25.5
USA;USA;NA;1993;11;;3474.7;6.6;25.34
USA;USA;NA;1993;12;1758.2;3495.1;6.5;25.52
USA;USA;NA;1994;1;;3480.1;6.6;25.96
USA;USA;NA;1994;2;;3459.7;6.6;25.94
USA;USA;NA;1994;3;1784.08;3477.2;6.5;25.48
USA;USA;NA;1994;4;;3503.1;6.4;24.56
USA;USA;NA;1994;5;;3474.5;6.1;24.71
USA;USA;NA;1994;6;1817.45;3477.4;6.1;24.88
USA;USA;NA;1994;7;;3491.5;6.1;24.69
USA;USA;NA;1994;8;;3481.6;6;25.36
USA;USA;NA;1994;9;1838.08;3476.8;5.9;25.51
USA;USA;NA;1994;10;;3478.2;5.8;25.27
USA;USA;NA;1994;11;;3491.8;5.6;25
USA;USA;NA;1994;12;1869.18;3507.8;5.5;24.62
USA;USA;NA;1995;1;;3495.3;5.6;25.11
USA;USA;NA;1995;2;;3474.9;5.4;25.93
USA;USA;NA;1995;3;1886.33;3491.7;5.4;26.42
USA;USA;NA;1995;4;;3522.4;5.8;27.17
USA;USA;NA;1995;5;;3506.7;5.6;27.91
USA;USA;NA;1995;6;1901.23;3545.5;5.6;28.67
USA;USA;NA;1995;7;;3569.7;5.7;29.53
USA;USA;NA;1995;8;;3585.2;5.7;29.71
USA;USA;NA;1995;9;1926.63;3594.6;5.6;30.74
USA;USA;NA;1995;10;;3602.3;5.5;30.88
USA;USA;NA;1995;11;;3622.9;5.6;31.45
USA;USA;NA;1995;12;1949.88;3653.3;5.6;32.47
USA;USA;NA;1996;1;;3651.3;5.6;32.6
USA;USA;NA;1996;2;;3647.5;5.5;34.31
USA;USA;NA;1996;3;1973.28;3694.1;5.5;34.34
USA;USA;NA;1996;4;;3720.7;5.6;34.41
USA;USA;NA;1996;5;;3690.3;5.6;35.14
USA;USA;NA;1996;6;2015.38;3721.2;5.3;35.48
USA;USA;NA;1996;7;;3734.4;5.5;34.22
USA;USA;NA;1996;8;;3741.8;5.1;35.12
USA;USA;NA;1996;9;2039.75;3744.4;5.2;35.75
USA;USA;NA;1996;10;;3757;5.2;36.99
USA;USA;NA;1996;11;;3792.3;5.4;38.5
USA;USA;NA;1996;12;2071.78;3831.7;5.4;38.78
USA;USA;NA;1997;1;;3829.6;5.3;39.97
USA;USA;NA;1997;2;;3825.1;5.2;41.45
USA;USA;NA;1997;3;2100.53;3863.2;5.2;41.27
USA;USA;NA;1997;4;;3895.9;5.1;39.71
USA;USA;NA;1997;5;;3859.6;4.9;42.92
USA;USA;NA;1997;6;2137.98;3889.6;5;45.26
USA;USA;NA;1997;7;;3908.7;4.9;47.63
USA;USA;NA;1997;8;;3943.3;4.8;47.69
USA;USA;NA;1997;9;2172.95;3951.7;4.9;48.5
USA;USA;NA;1997;10;;3967.3;4.7;49.44
USA;USA;NA;1997;11;;4005.9;4.6;48.73
USA;USA;NA;1997;12;2197.08;4045.2;4.7;49.98
USA;USA;NA;1998;1;;4052.5;4.6;49.92
USA;USA;NA;1998;2;;4070.1;4.6;52.7
USA;USA;NA;1998;3;2222.43;4121.8;4.7;55.53
USA;USA;NA;1998;4;;4164.6;4.3;57.24
USA;USA;NA;1998;5;;4134;4.4;56.89
USA;USA;NA;1998;6;2248.68;4164.7;4.5;56.42
USA;USA;NA;1998;7;;4183.3;4.5;58.07
USA;USA;NA;1998;8;;4210.4;4.5;53.39
USA;USA;NA;1998;9;2286.63;4244.5;4.6;50.17
USA;USA;NA;1998;10;;4281.5;4.5;50.65
USA;USA;NA;1998;11;;4336.4;4.4;55.88
USA;USA;NA;1998;12;2331.43;4390.2;4.4;57.04
USA;USA;NA;1999;1;;4400;4.3;58.97
USA;USA;NA;1999;2;;4409.1;4.4;58.3
USA;USA;NA;1999;3;2361.78;4446;4.2;59.78
USA;USA;NA;1999;4;;4491.8;4.3;62.17
USA;USA;NA;1999;5;;4454.4;4.2;62.95
USA;USA;NA;1999;6;2389.25;4485;4.3;62.34
USA;USA;NA;1999;7;;4509.8;4.3;64.25
USA;USA;NA;1999;8;;4529.6;4.2;61.5
USA;USA;NA;1999;9;2428.08;4543.3;4.2;60.2
USA;USA;NA;1999;10;;4565;4.1;59.32
USA;USA;NA;1999;11;;4600.3;4.1;62.81
USA;USA;NA;1999;12;2481.53;4654.6;4;63.2
USA;USA;NA;2000;1;;4672.6;4;62.87
USA;USA;NA;2000;2;;4674.4;4.1;59.92
USA;USA;NA;2000;3;2507.75;4736;4;61.62
USA;USA;NA;2000;4;;4806.1;3.8;64.02
USA;USA;NA;2000;5;;4732.3;4;63.34
USA;USA;NA;2000;6;2569.58;4757.7;4;64.33
USA;USA;NA;2000;7;;4773.9;4;64.68
USA;USA;NA;2000;8;;4804.4;4.1;65.97
USA;USA;NA;2000;9;2589.35;4840;3.9;66.11
USA;USA;NA;2000;10;;4853.9;3.9;64.03
USA;USA;NA;2000;11;;4882;3.9;63.95
USA;USA;NA;2000;12;2618.08;4953;3.9;63.89
USA;USA;NA;2001;1;;4979;4.2;64.43
USA;USA;NA;2001;2;;5008;4.2;64.18
USA;USA;NA;2001;3;2627.03;5098.3;4.3;59.76
USA;USA;NA;2001;4;;5174.1;4.4;60.09
USA;USA;NA;2001;5;;5111.2;4.3;63.83
USA;USA;NA;2001;6;2659.6;5160.6;4.5;62.47
USA;USA;NA;2001;7;;5189.2;4.6;60.8
USA;USA;NA;2001;8;;5225;4.9;59.87
USA;USA;NA;2001;9;2659.88;5336.6;5;54.6
USA;USA;NA;2001;10;;5321.7;5.3;55.06
USA;USA;NA;2001;11;;5384.7;5.5;56.99
USA;USA;NA;2001;12;2675.33;5465;5.7;57.73
USA;USA;NA;2002;1;;5451;5.7;57.62
USA;USA;NA;2002;2;;5470.4;5.7;56.41
USA;USA;NA;2002;3;2708.6;5519.2;5.7;59.49
USA;USA;NA;2002;4;;5533.4;5.9;58.19
USA;USA;NA;2002;5;;5499.8;5.8;57.02
USA;USA;NA;2002;6;2733.7;5537.8;5.8;53.91
USA;USA;NA;2002;7;;5578.7;5.8;48.26
USA;USA;NA;2002;8;;5621.7;5.7;48.71
USA;USA;NA;2002;9;2759.28;5646.5;5.7;46.76
USA;USA;NA;2002;10;;5685.3;5.7;45.54
USA;USA;NA;2002;11;;5757.5;5.9;47.87
USA;USA;NA;2002;12;2775.95;5804;6;47.52
USA;USA;NA;2003;1;;5793.5;5.8;47.35
USA;USA;NA;2003;2;;5820.8;5.9;44.38
USA;USA;NA;2003;3;2807.53;5882.1;5.9;44.25
USA;USA;NA;2003;4;;5938.5;6;46.63
USA;USA;NA;2003;5;;5938.2;6.1;49.36
USA;USA;NA;2003;6;2842.68;5992.4;6.3;52.29
USA;USA;NA;2003;7;;6035.3;6.2;52.14
USA;USA;NA;2003;8;;6091.8;6.1;52.27
USA;USA;NA;2003;9;2906.28;6063.9;6.1;53.8
USA;USA;NA;2003;10;;6048.3;6;55.21
USA;USA;NA;2003;11;;6077;5.8;56.13
USA;USA;NA;2003;12;2954.2;6098.6;5.7;58.52
USA;USA;NA;2004;1;;6058.9;5.7;61.47
USA;USA;NA;2004;2;;6089;5.6;62.4
USA;USA;NA;2004;3;2997.1;6168.5;5.8;61.58
USA;USA;NA;2004;4;;6235.9;5.6;61.84
USA;USA;NA;2004;5;;6249.6;5.6;59.72
USA;USA;NA;2004;6;3045.35;6272.8;5.6;61.33
USA;USA;NA;2004;7;;6279.1;5.5;60.39
USA;USA;NA;2004;8;;6300.9;5.4;59.5
USA;USA;NA;2004;9;3091.93;6334;5.4;61.35
USA;USA;NA;2004;10;;6355.6;5.5;61.9
USA;USA;NA;2004;11;;6405.1;5.4;64.97
USA;USA;NA;2004;12;3140.55;6447.4;5.4;66.85
USA;USA;NA;2005;1;;6404.1;5.3;66.1
USA;USA;NA;2005;2;;6405.7;5.4;67.85
USA;USA;NA;2005;3;3203.43;6464.9;5.2;68.08
USA;USA;NA;2005;4;;6508.3;5.2;66.29
USA;USA;NA;2005;5;;6459.8;5.1;66.48
USA;USA;NA;2005;6;3243.53;6511.8;5;67.8
USA;USA;NA;2005;7;;6530.7;5;69.14
USA;USA;NA;2005;8;;6555;4.9;70.08
USA;USA;NA;2005;9;3301.35;6587.7;5;71.01
USA;USA;NA;2005;10;;6615;5;69.06
USA;USA;NA;2005;11;;6655.7;5;71.11
USA;USA;NA;2005;12;3345.4;6708.9;4.9;72.96
USA;USA;NA;2006;1;;6707.1;4.7;74.89
USA;USA;NA;2006;2;;6724.2;4.8;75.37
USA;USA;NA;2006;3;3412.23;6796.7;4.7;76.56
USA;USA;NA;2006;4;;6860.1;4.7;78.16
USA;USA;NA;2006;5;;6798.4;4.6;78.19
USA;USA;NA;2006;6;3449.95;6852.1;4.6;74.79
USA;USA;NA;2006;7;;6873.6;4.7;75.96
USA;USA;NA;2006;8;;6892.3;4.7;77.69
USA;USA;NA;2006;9;3477.13;6919.7;4.5;78.54
USA;USA;NA;2006;10;;6962.5;4.4;81.02
USA;USA;NA;2006;11;;7024.9;4.5;82.99
USA;USA;NA;2006;12;3516.6;7100.1;4.4;85.12
USA;USA;NA;2007;1;;7098.2;4.6;85.54
USA;USA;NA;2007;2;;7109.7;4.5;87.57
USA;USA;NA;2007;3;3558.3;7207.6;4.4;85.42
USA;USA;NA;2007;4;;7296.5;4.5;89.44
USA;USA;NA;2007;5;;7241;4.4;92.02
USA;USA;NA;2007;6;3605.58;7285.1;4.6;92.69
USA;USA;NA;2007;7;;7287.9;4.7;93.54
USA;USA;NA;2007;8;;7347.2;4.6;88.42
USA;USA;NA;2007;9;3642.43;7367.6;4.7;91.49
USA;USA;NA;2007;10;;7378.6;4.7;95.15
USA;USA;NA;2007;11;;7436.8;4.7;91.09
USA;USA;NA;2007;12;3671.33;7504.2;5;91.88
USA;USA;NA;2008;1;;7502.6;5;85.92
USA;USA;NA;2008;2;;7585.2;4.9;84.65
USA;USA;NA;2008;3;3667.1;7719.2;5.1;82.17
USA;USA;NA;2008;4;;7767.6;5;85.92
USA;USA;NA;2008;5;;7709.1;5.4;88.26
USA;USA;NA;2008;6;3703.25;7731.7;5.6;84.26
USA;USA;NA;2008;7;;7745;5.8;78.95
USA;USA;NA;2008;8;;7742.7;6.1;78.32
USA;USA;NA;2008;9;3710.75;7815.6;6.1;74.07
USA;USA;NA;2008;10;;7922.1;6.5;57.42
USA;USA;NA;2008;11;;8012.5;6.8;51.78
USA;USA;NA;2008;12;3637.48;8231.5;7.3;51.74
USA;USA;NA;2009;1;;8276.4;7.8;51.38
USA;USA;NA;2009;2;;8305.2;8.3;47.38
USA;USA;NA;2009;3;3595.98;8441.1;8.7;44.39
USA;USA;NA;2009;4;;8441.5;9;50.01
USA;USA;NA;2009;5;;8428.6;9.4;54.52
USA;USA;NA;2009;6;3585.1;8441.3;9.5;56.06
USA;USA;NA;2009;7;;8407.6;9.5;56.34
USA;USA;NA;2009;8;;8386.7;9.6;61.6
USA;USA;NA;2009;9;3596.03;8394.9;9.8;63.97
USA;USA;NA;2009;10;;8426.4;10;65.43
USA;USA;NA;2009;11;;8501.2;9.9;66.37
USA;USA;NA;2009;12;3641.63;8543.7;9.9;67.16
USA;USA;NA;2010;1;;8464.4;9.8;67.98
USA;USA;NA;2010;2;;8508.4;9.8;65.13
USA;USA;NA;2010;3;3670.28;8576.6;9.9;68.84
USA;USA;NA;2010;4;;8601.8;9.9;71.22
USA;USA;NA;2010;5;;8584.2;9.6;65.56
USA;USA;NA;2010;6;3722.15;8606.4;9.4;63.38
USA;USA;NA;2010;7;;8576.9;9.4;63.66
USA;USA;NA;2010;8;;8607.7;9.5;64.83
USA;USA;NA;2010;9;3764.43;8649.5;9.5;66.92
USA;USA;NA;2010;10;;8710.4;9.4;70.08
USA;USA;NA;2010;11;;8775.5;9.8;71.25
USA;USA;NA;2010;12;3807.55;8857.6;9.3;73.44
USA;USA;NA;2011;1;;8850;9.1;75.84
USA;USA;NA;2011;2;;8887.1;9;78.38
USA;USA;NA;2011;3;3809.6;9000.6;9;77.5
USA;USA;NA;2011;4;;9055.6;9.1;79.34
USA;USA;NA;2011;5;;9025.6;9;78.79
USA;USA;NA;2011;6;3865.23;9113.9;9.1;75.94
USA;USA;NA;2011;7;;9266.6;9;77.67
USA;USA;NA;2011;8;;9461.8;9;68.77
USA;USA;NA;2011;9;3896.78;9500.3;9;66.56
USA;USA;NA;2011;10;;9550.1;8.8;67.95
USA;USA;NA;2011;11;;9633.1;8.6;68.64
USA;USA;NA;2011;12;3946.33;9729.2;8.5;69.37
USA;USA;NA;2012;1;;9761.9;8.3;72.31
USA;USA;NA;2012;2;;9787;8.3;75.61
USA;USA;NA;2012;3;3993.48;9903.1;8.2;76.49
USA;USA;NA;2012;4;;9948.9;8.2;75.35
USA;USA;NA;2012;5;;9882.9;8.2;72.17
USA;USA;NA;2012;6;4030.48;9960.8;8.2;70.76
USA;USA;NA;2012;7;;10005.9;8.2;72.8
USA;USA;NA;2012;8;;10069;8.1;75.04
USA;USA;NA;2012;9;4056.98;10165.2;7.8;77.42
USA;USA;NA;2012;10;;10245.8;7.8;77.61
USA;USA;NA;2012;11;;10343;7.7;76.13
USA;USA;NA;2012;12;4074.33;10531.4;7.9;78.39
USA;USA;NA;2013;1;;10506.6;8;81.93
USA;USA;NA;2013;2;;10480;7.7;83.34
USA;USA;NA;2013;3;4118.85;10626.9;7.5;84.68
USA;USA;NA;2013;4;;10655.8;7.6;85.16
USA;USA;NA;2013;5;;10578.7;7.5;88.42
USA;USA;NA;2013;6;4135.35;10643.3;7.5;86.2
USA;USA;NA;2013;7;;10682.3;7.3;88.5
USA;USA;NA;2013;8;;10738;7.2;88.94
USA;USA;NA;2013;9;4187.33;10805.9;7.2;90.12
USA;USA;NA;2013;10;;10933;7.2;92.17
USA;USA;NA;2013;11;;10977.2;6.9;94.65
USA;USA;NA;2013;12;4249.98;11104.3;6.7;95.09
USA;USA;NA;2014;1;;11101.6;6.6;95.98
USA;USA;NA;2014;2;;11153.4;6.7;95.36
USA;USA;NA;2014;3;4257.83;11278.4;6.7;97.54
USA;USA;NA;2014;4;;11331.6;6.3;98.46
USA;USA;NA;2014;5;;11274.8;6.3;99.73
USA;USA;NA;2014;6;4330.23;11336.8;6.1;102.13
USA;USA;NA;2014;7;;11391.8;6.2;102.88
USA;USA;NA;2014;8;;11422.7;6.2;101.53
USA;USA;NA;2014;9;4405.58;11470.6;5.9;102.39
USA;USA;NA;2014;10;;11538.6;5.7;98.07
USA;USA;NA;2014;11;;11615;5.8;102.26
USA;USA;NA;2014;12;4433.98;11760;5.6;101.38
USA;USA;NA;2015;1;;11759;5.7;100.08
USA;USA;NA;2015;2;;11847.1;5.5;102.78
USA;USA;NA;2015;3;4468.68;11956.7;5.5;102.25
USA;USA;NA;2015;4;;12004.7;5.4;103.85
USA;USA;NA;2015;5;;11907.9;5.5;104.41
USA;USA;NA;2015;6;4523.3;11962.5;5.3;103.16
USA;USA;NA;2015;7;;12012.9;5.2;101.69
USA;USA;NA;2015;8;;12070.4;5.1;98.64
USA;USA;NA;2015;9;4556.93;12138.2;5;93.22
USA;USA;NA;2015;10;;12171.5;5;96.7
USA;USA;NA;2015;11;;12297.9;5;97.66
USA;USA;NA;2015;12;4571.8;12427.3;5;95.55
USA;USA;NA;2016;1;;12478.4;4.9;89.21
USA;USA;NA;2016;2;;12517.1;4.9;88.24
USA;USA;NA;2016;3;4602.28;12684.8;5;94.2
USA;USA;NA;2016;4;;12778.6;5;96.84
USA;USA;NA;2016;5;;12708.4;4.7;96.84
USA;USA;NA;2016;6;4660.18;12789;4.9;97.52
USA;USA;NA;2016;7;;12850.1;4.9;100
USA;USA;NA;2016;8;;12946.7;4.9;101.05
USA;USA;NA;2016;9;4699.9;13016.2;5;100.23
USA;USA;NA;2016;10;;13079.4;4.9;99.05
USA;USA;NA;2016;11;;13191.8;4.6;99.85
USA;USA;NA;2016;12;4744.8;13299.9;4.7;103.84
USA;USA;NA;2017;1;;13281.6;4.8;105.02
USA;USA;NA;2017;2;;13305.6;4.7;106.97
USA;USA;NA;2017;3;4797.6;13491.7;4.5;107.8
USA;USA;NA;2017;4;;13565;4.4;107.27
USA;USA;NA;2017;5;;13474.1;4.3;108.39
USA;USA;NA;2017;6;4839.15;13522.1;4.3;109.93
USA;USA;NA;2017;7;;13584.4;4.3;111.18
USA;USA;NA;2017;8;;13653.7;4.4;110.95
USA;USA;NA;2017;9;4902.93;13705.5;4.2;112.86
USA;USA;NA;2017;10;;13750.7;4.1;115.63
USA;USA;NA;2017;11;;13819.9;4.1;115.95
USA;USA;NA;2017;12;4979.73;13945;4.1;119.04
USA;USA;NA;2018;1;;13863.1;4.1;124.24
USA;USA;NA;2018;2;;13849.1;4.1;119.49
USA;USA;NA;2018;3;5040.8;14031;4;118.08
USA;USA;NA;2018;4;;14069.5;3.9;117.4
USA;USA;NA;2018;5;;13980.4;3.8;118.3
USA;USA;NA;2018;6;5127.55;14074.7;4;118.6
USA;USA;NA;2018;7;;14109.6;3.9;119.53
USA;USA;NA;2018;8;;14164.9;3.8;121.28
USA;USA;NA;2018;9;5187.45;14199.5;3.7;122.26
USA;USA;NA;2018;10;;14201.4;3.8;117.42
USA;USA;NA;2018;11;;14255.1;3.7;115.53
USA;USA;NA;2018;12;5224.45;14448.8;3.9;108.76
USA;USA;NA;2019;1;;14423.8;4;111.17
USA;USA;NA;2019;2;;14401.9;3.8;117.22
USA;USA;NA;2019;3;5274.7;14572.5;3.8;118.28
USA;USA;NA;2019;4;;14623;3.6;121.04
USA;USA;NA;2019;5;;14575;3.6;118.64
USA;USA;NA;2019;6;5332.48;14734.8;3.7;120.17
USA;USA;NA;2019;7;;14814.4;3.7;123.43
USA;USA;NA;2019;8;;14896.1;3.7;118.28
USA;USA;NA;2019;9;5385.08;14986.8;3.5;121.76
USA;USA;NA;2019;10;;15112.2;3.6;121.35
USA;USA;NA;2019;11;;15259.4;3.5;125.89
USA;USA;NA;2019;12;5436.85;15412.5;3.6;128.52
USA;USA;NA;2020;1;;15397.1;3.5;130.91
USA;USA;NA;2020;2;;15383.1;3.5;128.69
USA;USA;NA;2020;3;5390.28;16056.1;4.4;100.46
USA;USA;NA;2020;4;;17102.4;14.8;101.8
USA;USA;NA;2020;5;;17766.9;13.3;105.66
USA;USA;NA;2020;6;4869.35;18103.7;11.1;113.17
USA;USA;NA;2020;7;;18252.8;10.2;115.09
USA;USA;NA;2020;8;;18319.2;8.4;120.64
USA;USA;NA;2020;9;5284.65;18543.1;7.8;119.75
USA;USA;NA;2020;10;;18689.1;6.9;121.47
USA;USA;NA;2020;11;;18980.6;6.7;128.25
USA;USA;NA;2020;12;5369.4;19247.9;6.7;134.59
USA;USA;NA;2021;1;;19371.9;6.3;138.84
USA;USA;NA;2021;2;;19524;6.2;142.34
USA;USA;NA;2021;3;5509.55;19946.3;6;144.96
USA;USA;NA;2021;4;;20270.1;6.1;150.29
USA;USA;NA;2021;5;;20319.7;5.8;153.51
USA;USA;NA;2021;6;5685.25;20440.8;5.9;155.22
USA;USA;NA;2021;7;;20571.9;5.4;154.78
USA;USA;NA;2021;8;;20778.1;5.2;156.61
USA;USA;NA;2021;9;5800.58;20957.9;4.7;155.12
USA;USA;NA;2021;10;;21098;4.6;156.85
USA;USA;NA;2021;11;;21334.5;4.2;159.94
USA;USA;NA;2021;12;6000.7;21660.4;3.9;157.34
USA;USA;NA;2022;1;;21636.7;4;
USA;USA;NA;2022;2;;21590.3;3.8;
USA;USA;NA;2022;3;6096.68;21855.8;3.6;
USA;USA;NA;2022;4;;21860.3;3.6;
USA;USA;NA;2022;5;;21590.3;3.6;
USA;USA;NA;2022;6;6220.73;21645.1;3.6;
USA;USA;NA;2022;7;;21651.9;;
USA;USA;NA;2022;8;;;;
USA;USA;NA;2022;9;;;;
USA;USA;NA;2022;10;;;;
USA;USA;NA;2022;11;;;;
USA;USA;NA;2022;12;;;;
